boot,condition,checkpoint_ns,update_ns,restart_ns,total_ns
block-01,pathvirt,30214150,308,1131324628,3594384006
block-01,namei_ext,20177548,20256476,1031042894,2890701421
block-01,withdrawn,20167585,244984,1048157295,2807847579
block-02,pathvirt,30301860,40,1226540885,3304478838
block-02,namei_ext,20181784,20176160,1177344875,3190394078
block-02,withdrawn,30291887,222230,1184007313,3388678426
block-03,pathvirt,30386163,40,1158518466,3638926293
block-03,namei_ext,20189962,20170770,1166413968,3172835720
block-03,withdrawn,30431847,292032,1145630988,3232613835
