.	020000000755	1000	1000	64	36207645	4096	1785360689	
..2026_07_29_21_31_29.1407125173	020000000755	1000	1000	64	36207653	4096	1785360689	
..2026_07_29_21_31_29.1407125173/config	020000000755	1000	1000	64	36207683	4096	1785360689	
..2026_07_29_21_31_29.1407125173/config/app.conf	0644	1000	1000	64	36207685	10	1785360689	
..2026_07_29_21_31_29.1407125173/retired.conf	0644	1000	1000	64	36207661	8	1785360689	
..2026_07_29_21_31_29.1407125173/tls	020000000755	1000	1000	64	36207687	4096	1785360689	
..2026_07_29_21_31_29.1407125173/tls/cert.pem	0400	1000	1000	64	36207689	15	1785360689	
..data	01000000777	1000	1000	64	36207691	32	1785360689	..2026_07_29_21_31_29.1407125173
config	01000000777	1000	1000	64	36207663	13	1785360688	..data/config
retired.conf	01000000777	1000	1000	64	36207681	19	1785360689	..data/retired.conf
tls	01000000777	1000	1000	64	36207665	10	1785360688	..data/tls
